<application>
  <component name="libraryTable">
    <library name="axios" type="javaScript">
      <properties>
        <sourceFilesUrls>
          <item url="file://$APPLICATION_CONFIG_DIR$/javascript/extLibs/http_cdn.bootcdn.net_ajax_libs_axios_0.21.1_axios.js" />
          <item url="file://$APPLICATION_CONFIG_DIR$/javascript/extLibs/http_lib.baomitu.com_axios_0.19.2_axios.js" />
          <item url="file://$APPLICATION_CONFIG_DIR$/javascript/extLibs/http_lib.baomitu.com_axios_0.21.0_axios.js" />
        </sourceFilesUrls>
      </properties>
      <CLASSES>
        <root url="file://$APPLICATION_CONFIG_DIR$/javascript/extLibs/http_cdn.bootcdn.net_ajax_libs_axios_0.21.1_axios.js" />
        <root url="file://$APPLICATION_CONFIG_DIR$/javascript/extLibs/http_lib.baomitu.com_axios_0.19.2_axios.js" />
        <root url="file://$APPLICATION_CONFIG_DIR$/javascript/extLibs/http_lib.baomitu.com_axios_0.21.0_axios.js" />
      </CLASSES>
      <SOURCES />
    </library>
    <library name="echarts" type="javaScript">
      <properties>
        <sourceFilesUrls>
          <item url="file://$APPLICATION_CONFIG_DIR$/javascript/extLibs/http_lib.baomitu.com_echarts_4.7.0_echarts.js" />
        </sourceFilesUrls>
      </properties>
      <CLASSES>
        <root url="file://$APPLICATION_CONFIG_DIR$/javascript/extLibs/http_lib.baomitu.com_echarts_4.7.0_echarts.js" />
      </CLASSES>
      <SOURCES />
    </library>
    <library name="html2canvas" type="javaScript">
      <properties>
        <sourceFilesUrls>
          <item url="file://$APPLICATION_CONFIG_DIR$/javascript/extLibs/http_cdn.bootcdn.net_ajax_libs_html2canvas_0.5.0-beta4_html2canvas.js" />
        </sourceFilesUrls>
      </properties>
      <CLASSES>
        <root url="file://$APPLICATION_CONFIG_DIR$/javascript/extLibs/http_cdn.bootcdn.net_ajax_libs_html2canvas_0.5.0-beta4_html2canvas.js" />
      </CLASSES>
      <SOURCES />
    </library>
    <library name="index" type="javaScript">
      <properties>
        <sourceFilesUrls>
          <item url="file://$APPLICATION_CONFIG_DIR$/javascript/extLibs/http_lib.baomitu.com_element-ui_2.13.1_index.js" />
          <item url="file://$APPLICATION_CONFIG_DIR$/javascript/extLibs/http_lib.baomitu.com_element-ui_2.13.2_index.js" />
        </sourceFilesUrls>
      </properties>
      <CLASSES>
        <root url="file://$APPLICATION_CONFIG_DIR$/javascript/extLibs/http_lib.baomitu.com_element-ui_2.13.1_index.js" />
        <root url="file://$APPLICATION_CONFIG_DIR$/javascript/extLibs/http_lib.baomitu.com_element-ui_2.13.2_index.js" />
      </CLASSES>
      <SOURCES />
    </library>
    <library name="jspdf" type="javaScript">
      <properties>
        <sourceFilesUrls>
          <item url="file://$APPLICATION_CONFIG_DIR$/javascript/extLibs/http_cdn.bootcdn.net_ajax_libs_jspdf_1.5.3_jspdf.min.js" />
        </sourceFilesUrls>
      </properties>
      <CLASSES>
        <root url="file://$APPLICATION_CONFIG_DIR$/javascript/extLibs/http_cdn.bootcdn.net_ajax_libs_jspdf_1.5.3_jspdf.min.js" />
      </CLASSES>
      <SOURCES />
    </library>
    <library name="map_load" type="javaScript">
      <properties>
        <sourceFilesUrls>
          <item url="file://$APPLICATION_CONFIG_DIR$/javascript/extLibs/http_localhost_map_map_load.js" />
        </sourceFilesUrls>
      </properties>
      <CLASSES>
        <root url="file://$APPLICATION_CONFIG_DIR$/javascript/extLibs/http_localhost_map_map_load.js" />
      </CLASSES>
      <SOURCES />
    </library>
    <library name="minified" type="javaScript">
      <properties>
        <sourceFilesUrls>
          <item url="file://$APPLICATION_CONFIG_DIR$/javascript/extLibs/http_cdn.bootcdn.net_ajax_libs_core-js_3.6.5_minified.js" />
        </sourceFilesUrls>
      </properties>
      <CLASSES>
        <root url="file://$APPLICATION_CONFIG_DIR$/javascript/extLibs/http_cdn.bootcdn.net_ajax_libs_core-js_3.6.5_minified.js" />
      </CLASSES>
      <SOURCES />
    </library>
    <library name="vant" type="javaScript">
      <properties>
        <sourceFilesUrls>
          <item url="file://$APPLICATION_CONFIG_DIR$/javascript/extLibs/http_cdn.jsdelivr.net_npm_vant@2.12_lib_vant.js" />
        </sourceFilesUrls>
      </properties>
      <CLASSES>
        <root url="file://$APPLICATION_CONFIG_DIR$/javascript/extLibs/http_cdn.jsdelivr.net_npm_vant@2.12_lib_vant.js" />
      </CLASSES>
      <SOURCES />
    </library>
    <library name="vue" type="javaScript">
      <properties>
        <sourceFilesUrls>
          <item url="file://$APPLICATION_CONFIG_DIR$/javascript/extLibs/http_cdn.bootcdn.net_ajax_libs_vue_2.6.12_vue.js" />
          <item url="file://$APPLICATION_CONFIG_DIR$/javascript/extLibs/http_cdn.bootcdn.net_ajax_libs_vue_2.6.7_vue.js" />
          <item url="file://$APPLICATION_CONFIG_DIR$/javascript/extLibs/http_lib.baomitu.com_vue_2.6.12_vue.js" />
        </sourceFilesUrls>
      </properties>
      <CLASSES>
        <root url="file://$APPLICATION_CONFIG_DIR$/javascript/extLibs/http_cdn.bootcdn.net_ajax_libs_vue_2.6.12_vue.js" />
        <root url="file://$APPLICATION_CONFIG_DIR$/javascript/extLibs/http_cdn.bootcdn.net_ajax_libs_vue_2.6.7_vue.js" />
        <root url="file://$APPLICATION_CONFIG_DIR$/javascript/extLibs/http_lib.baomitu.com_vue_2.6.12_vue.js" />
      </CLASSES>
      <SOURCES />
    </library>
    <library name="vue-router" type="javaScript">
      <properties>
        <sourceFilesUrls>
          <item url="file://$APPLICATION_CONFIG_DIR$/javascript/extLibs/http_cdn.bootcdn.net_ajax_libs_vue-router_3.1.6_vue-router.js" />
          <item url="file://$APPLICATION_CONFIG_DIR$/javascript/extLibs/http_cdn.bootcdn.net_ajax_libs_vue-router_3.2.0_vue-router.js" />
          <item url="file://$APPLICATION_CONFIG_DIR$/javascript/extLibs/http_unpkg.com_vue-router@3.0.1_dist_vue-router.js" />
        </sourceFilesUrls>
      </properties>
      <CLASSES>
        <root url="file://$APPLICATION_CONFIG_DIR$/javascript/extLibs/http_cdn.bootcdn.net_ajax_libs_vue-router_3.1.6_vue-router.js" />
        <root url="file://$APPLICATION_CONFIG_DIR$/javascript/extLibs/http_cdn.bootcdn.net_ajax_libs_vue-router_3.2.0_vue-router.js" />
        <root url="file://$APPLICATION_CONFIG_DIR$/javascript/extLibs/http_unpkg.com_vue-router@3.0.1_dist_vue-router.js" />
      </CLASSES>
      <SOURCES />
    </library>
  </component>
</application>