<application>
  <component name="DefaultFont">
    <option name="FONT_SIZE" value="16" />
    <option name="FONT_FAMILY" value="Consolas" />
  </component>
  <component name="EditorSettings">
    <option name="STRIP_TRAILING_SPACES" value="Whole" />
    <option name="IS_ENSURE_NEWLINE_AT_EOF" value="true" />
  </component>
  <component name="TodoConfiguration">
    <pattern case-sensitive="true" pattern="\btodo\b.*" />
    <pattern case-sensitive="true" pattern="\bfixme\b.*" />
    <pattern useCustomColors="true" case-sensitive="true" pattern="\bdebugger\b.*">
      <option name="FOREGROUND" value="a8c023" />
      <option name="FONT_TYPE" value="3" />
      <option name="ERROR_STRIPE_COLOR" value="977ab" />
    </pattern>
  </component>
</application>