<application>
  <component name="FileTypeManager" version="17">
    <extensionMap>
      <mapping pattern="eiAxios_little_js" type="PLAIN_TEXT" />
      <mapping pattern=".env.dev" type="PLAIN_TEXT" />
      <mapping pattern=".env.prod" type="PLAIN_TEXT" />
      <mapping pattern=".prettierignore" type="PLAIN_TEXT" />
      <mapping ext="fon" type="PLAIN_TEXT" />
      <mapping ext="gz" type="PLAIN_TEXT" />
      <mapping pattern="commonInterface" type="TypeScript" />
      <mapping pattern="antDesignPlugin" type="TypeScript" />
      <mapping ext="ttf" type="TypeScript" />
    </extensionMap>
  </component>
</application>