<application>
  <component name="GitRememberedInputs">
    <option name="visitedUrls">
      <list>
        <UrlAndUserName>
          <option name="url" value="http://172.16.205.91:8088/yangliguo/zhnyFujian.git" />
          <option name="userName" value="" />
        </UrlAndUserName>
        <UrlAndUserName>
          <option name="url" value="http://172.16.205.91:8088" />
          <option name="userName" value="1219649500@qq.com" />
        </UrlAndUserName>
        <UrlAndUserName>
          <option name="url" value="http://172.16.205.91:8088/yangliguo/zhnyOtwp.git" />
          <option name="userName" value="" />
        </UrlAndUserName>
        <UrlAndUserName>
          <option name="url" value="http://172.16.205.91:8088/yangliguo/nystq.git" />
          <option name="userName" value="" />
        </UrlAndUserName>
        <UrlAndUserName>
          <option name="url" value="http://124.193.158.114:18090" />
          <option name="userName" value="yangliguo" />
        </UrlAndUserName>
        <UrlAndUserName>
          <option name="url" value="http://192.168.0.210:18090" />
          <option name="userName" value="yangliguo" />
        </UrlAndUserName>
      </list>
    </option>
    <option name="cloneParentDir" value="E:\" />
  </component>
</application>